id,first_name,last_name,email,gender,guid
1,Jasmina,Jankowski,jjankowski0@arstechnica.com,Female,71b0c08f-de34-4e8c-967b-85c4e3a28774
2,Tracie,Pepys,tpepys1@timesonline.co.uk,Female,4a343e43-efde-4c49-87f4-19e452f39706
3,Lorianne,Granleese,lgranleese2@artisteer.com,Female,3a6d4d79-e8e3-49c1-9063-09d972529736
4,Dela,Tire,dtire3@discuz.net,Female,d2b96887-6c0f-4450-b8aa-e7f317981802
5,Noemi,Parradye,nparradye4@flickr.com,Female,07a5168f-358b-4fb6-a64e-aeeea998ee9e
6,Jacquelynn,Feavearyear,jfeavearyear5@opera.com,Polygender,6de6802d-5f20-47f3-a16a-86b4b60880f7
7,Hall,Sickling,hsickling6@vimeo.com,Male,1e6cfac4-f42a-4bd2-a5ff-a927ee1911c2
8,Archer,Heck,aheck7@privacy.gov.au,Male,d51f7049-9650-470e-927e-bf21f51ade96
9,Sarette,Hawkshaw,shawkshaw8@chronoengine.com,Female,94091426-8f13-491d-b84c-a68fb5f53a84
10,Devan,Utley,dutley9@webs.com,Female,8be2991e-f6d0-48f0-925a-fb3485627131
11,Noll,Olorenshaw,nolorenshawa@mac.com,Male,e0a9d835-6757-462b-8ef0-3a2470fc7fff
12,Teddy,Stockle,tstockleb@yale.edu,Female,00314180-9d06-449a-a701-e9e5919fbbf8
13,Bill,Tonkes,btonkesc@who.int,Female,e2325b1a-3d8e-4486-9600-bb161d24ba36
14,Minna,Carbonell,mcarbonelld@unicef.org,Female,5d2ceeda-9bd1-4750-b184-937c452adcf8
15,Gilburt,Brazel,gbrazele@google.ru,Male,5ea41b80-4fab-4835-aaf8-ff168722ab97
16,Meir,Carlan,mcarlanf@github.io,Male,9e500052-0c4d-4d28-a225-1ffc077f6fe4
17,Issiah,Cloonan,icloonang@foxnews.com,Male,97f6986c-9255-4093-b924-ddbd3cabf2d9
18,Ursala,Littlepage,ulittlepageh@wired.com,Female,fe210568-100c-4db1-8296-3b29a2562c79
19,Levon,Stefanovic,lstefanovici@newyorker.com,Male,3fe3e438-7fac-4b37-8322-b6af3572273d
20,Francklyn,Labbati,flabbatij@biglobe.ne.jp,Male,21331678-c47c-45a9-b227-f5ea48ee3905
21,Orbadiah,Turmell,oturmellk@cyberchimps.com,Genderfluid,609c88b5-cca5-4d6f-a6c4-ddce57e60b06
22,Berrie,Collisson,bcollissonl@simplemachines.org,Female,75f58d50-4810-4026-847d-458dab6a3de1
23,Florina,Sate,fsatem@google.de,Female,1d1b0096-74c9-4c3f-b057-a60da9a7caff
24,Otho,Bodemeaid,obodemeaidn@comsenz.com,Male,7ccec61c-1374-4648-9f43-f491f3d3634a
25,Dudley,Innman,dinnmano@slideshare.net,Male,94695af9-7be9-4230-bc87-7a955bac772e
26,Madelle,Spottswood,mspottswoodp@163.com,Female,2d292ff1-a79c-4669-844b-36371fd5d227
27,Kenn,Malam,kmalamq@umich.edu,Male,761fbccf-25bf-46d9-be6f-a3a92e804bb2
28,Cheslie,Celes,ccelesr@answers.com,Female,dd3427bb-1bd0-4e78-ad47-2585dfd1ec9c
29,Inglebert,Dohrmann,idohrmanns@vk.com,Male,56e000fc-ed03-4926-86cb-786142a4627f
30,Bengt,Brookton,bbrooktont@flickr.com,Male,bc4cf655-4500-4daa-9348-2f7774543300
31,Sophronia,Fetherstan,sfetherstanu@cnet.com,Female,8eee06a1-f2b9-4e88-a2c5-27a85fc76f6c
32,Sibel,Ellerman,sellermanv@google.pl,Female,65ea7494-090f-42cd-bd4b-e0915d9db971
33,Kirbee,Mac,kmacw@chron.com,Female,22f71a1f-5703-4161-9e83-275a4a195069
34,Patricio,Locarno,plocarnox@adobe.com,Genderfluid,9031f06e-d5df-404d-b8fc-bef1cc6d72b2
35,Moe,McIan,mmciany@gizmodo.com,Genderfluid,65608f34-d65b-4e31-8ef7-401ee09cdd56
36,Livia,Sarjant,lsarjantz@apache.org,Female,bc613aa4-e112-48e8-bf93-d335c4f9eea1
37,Deana,Folks,dfolks10@dot.gov,Genderfluid,794eeca1-54bb-44f6-b34d-0caba7370342
38,Ethelda,Dempster,edempster11@soundcloud.com,Genderqueer,7e5c07c8-4da6-46bc-97d7-959d0ab42e39
39,Jeremy,Burburough,jburburough12@dmoz.org,Non-binary,7e0ffd0e-661a-4c98-a698-63a84d55a6ff
40,Matti,Hamshar,mhamshar13@europa.eu,Female,4ecfd1cf-1b63-4801-84a1-632ed7e14432
41,Raynard,Somerset,rsomerset14@is.gd,Male,32e87482-056d-4b81-9dab-253670168bd0
42,Lamond,Mebes,lmebes15@jigsy.com,Male,4bdb1c81-2287-47a9-b53a-0ac23bc02c3e
43,Steffane,Gonthier,sgonthier16@tmall.com,Female,c7f08549-3dae-4367-bf8c-7406a4c5c63a
44,Adelheid,Raulston,araulston17@ftc.gov,Female,9653deb8-4b1f-462b-97fe-6b3e0f94b2e6
45,Mackenzie,Llopis,mllopis18@dion.ne.jp,Male,949a80f2-0320-4075-8e3e-7dcc209abaf1
46,Lenee,Yanyushkin,lyanyushkin19@photobucket.com,Female,79951d2b-ae1d-46d5-a4fb-fd5e7f658f65
47,Marten,Kightly,mkightly1a@yelp.com,Male,a35b5094-9c3b-44e6-87f0-1a9f544ea93f
48,Hy,Adolthine,hadolthine1b@tuttocitta.it,Genderqueer,b9a273c6-10dd-4ca3-a36d-943dc1a3092a
49,Bone,Widd,bwidd1c@ucoz.com,Male,cfce18d6-06e6-4579-8ada-e9767dd569d5
50,Axel,Cookman,acookman1d@oracle.com,Male,72b84a54-933a-4b56-9554-a7304c4ee1e5
51,Kizzie,Cowthart,kcowthart1e@admin.ch,Female,4b796950-f444-44ce-b325-eaa077724f6c
52,Booth,Hallibone,bhallibone1f@auda.org.au,Male,e9a23e6d-9ec0-477e-b445-0ba1a3a8e441
53,Roanna,Losel,rlosel1g@rakuten.co.jp,Non-binary,0c5eb4be-e746-4ea3-936b-82b89f93ec01
54,Granny,Ondrasek,gondrasek1h@quantcast.com,Male,008f877f-c4e3-4db3-ad59-659aa01ccb80
55,Woody,Arboin,warboin1i@facebook.com,Male,c3c3cd15-2416-4139-9076-6387c1823058
56,Jerald,Seeds,jseeds1j@imageshack.us,Male,330c2b20-143b-4baa-bcdb-621dbd2c1d71
57,Fayre,Aris,faris1k@unesco.org,Female,4d57eabf-0d30-4b69-94a9-5379e238e6f0
58,Anthea,Jacquemard,ajacquemard1l@java.com,Female,ec001bc0-d8de-40e1-98f6-a860d487e34f
59,Keene,Harnes,kharnes1m@twitter.com,Male,41e08f9d-fe68-4afb-8519-50d2de58ebd2
60,Miltie,Heaffey,mheaffey1n@example.com,Male,681285cf-5a8c-486a-86a9-77024b07a1f3
61,Rollie,Allewell,rallewell1o@squidoo.com,Male,2c8e14c2-1c64-4a34-8273-0c14fdd255e9
62,Davon,Margett,dmargett1p@histats.com,Male,ad390004-89d5-4cc0-983e-98f8b3b8e79b
63,Lucina,Clarson,lclarson1q@nbcnews.com,Female,88646143-1fdc-4637-9fcf-7e026d58aef3
64,Fernandina,Giffkins,fgiffkins1r@miitbeian.gov.cn,Female,92ec2cf5-ae9a-412a-b15e-55e019ecea20
65,Eleanora,Mara,emara1s@bizjournals.com,Female,edd1ff18-61c5-40cb-b6a8-d4da2afa2f45
66,Garvey,Chishull,gchishull1t@bravesites.com,Male,805d4328-75dd-47b0-b1e7-f01185e4a0c0
67,Timotheus,Lount,tlount1u@nature.com,Male,f53b7248-927c-4acf-b348-091dbdad03ff
68,Minne,Janczak,mjanczak1v@blogspot.com,Female,e8c82f79-a2a3-457b-8f27-f6d21efeb9e6
69,Nolie,Lyddon,nlyddon1w@exblog.jp,Female,cbe2d544-630f-46d8-b694-5047869c9935
70,Anny,Warbys,awarbys1x@xing.com,Female,ba4450e5-d5b5-4e60-88b3-2927c91544e0
71,Towny,Ventam,tventam1y@ed.gov,Male,c5d25498-fbc8-4857-b5e6-5566bc5d9c76
72,Alessandro,Scrine,ascrine1z@acquirethisname.com,Male,642cf51f-0f8d-46c9-979a-be9937eb550a
73,Raquel,Fleetham,rfleetham20@flickr.com,Female,839aefb3-8b06-43f2-9818-a92aec716cd3
74,Julie,Northern,jnorthern21@hugedomains.com,Polygender,54a7d86f-7abe-4f1c-bb32-fbf19ef3ed52
75,Amanda,Tolley,atolley22@1688.com,Female,36e16d5e-7d9f-4fa3-b248-2e1cfaddc89a
76,Borden,Blest,bblest23@diigo.com,Male,5785fb53-936a-4104-940b-23abd46f7307
77,Carleen,Chazier,cchazier24@census.gov,Female,d2ceaa08-27f2-43a6-8929-ee493e3d94b2
78,Natalie,Fairlamb,nfairlamb25@is.gd,Female,4abfeaa9-82e0-4325-b02c-b36d7fac076c
79,Briana,Romme,bromme26@tmall.com,Female,b872460e-3231-41a4-b738-c02d2e51d5d1
80,Laraine,Besque,lbesque27@tumblr.com,Female,e17cc74b-b34e-4822-aa2f-39b0fad61ecc
81,Luigi,Ghidelli,lghidelli28@t.co,Polygender,9572017b-34fd-4ff5-9206-b0dd22f8df6c
82,Phillip,Ceschi,pceschi29@loc.gov,Male,d8acd9bc-bcf9-4b10-a236-cf10b0b8fdb0
83,Erinn,Colombier,ecolombier2a@sitemeter.com,Female,b08ab22c-e3a6-449b-a9fa-796bd3b22364
84,Kaila,Foulger,kfoulger2b@lulu.com,Female,bdfba7ed-eba9-4280-bcb9-5c543047b656
85,Marietta,Sowte,msowte2c@facebook.com,Male,cf55bf4d-e1a5-4ebc-9c03-452f977db679
86,Dulsea,Asling,dasling2d@barnesandnoble.com,Female,bd491495-7a28-4cf8-92b1-397ae7a80f7a
87,Phillipe,Poundesford,ppoundesford2e@washingtonpost.com,Non-binary,f0fcd87b-08de-43f7-9b0b-8f4e8e2d28a5
88,Worthy,Beacroft,wbeacroft2f@hao123.com,Male,0195e837-e16b-473e-bcc1-7ac83f5c2808
89,Wyndham,Houseley,whouseley2g@unesco.org,Male,f6668d8e-bff8-40e3-9769-27459d50ac3c
90,Uta,Bullivent,ubullivent2h@1688.com,Non-binary,d7ac43ad-19f2-4529-a697-10f5605b7f6c
91,Geneva,Kitney,gkitney2i@forbes.com,Female,1e6669d3-223a-4473-b7e4-1a00ed2baad6
92,Casie,Danieli,cdanieli2j@liveinternet.ru,Female,5d5fe328-393c-4c13-9466-abacbb1e4b11
93,Vaughan,Treen,vtreen2k@a8.net,Genderfluid,ccf1c253-00d9-49ca-9f31-f88a5f4c53fa
94,Aimil,Piscopo,apiscopo2l@prweb.com,Genderfluid,394ad39f-fbd5-46b7-a90a-0c10289b493a
95,Lefty,Orman,lorman2m@usatoday.com,Male,485747e8-d419-4867-80c9-4e24aaac802d
96,Bartolomeo,Trays,btrays2n@ft.com,Male,101dd4d7-736b-4b0c-bfdb-110515264ad0
97,Fawnia,Venton,fventon2o@pbs.org,Female,24e0b839-20ff-4be8-b045-8b7d0e62629e
98,April,Howieson,ahowieson2p@livejournal.com,Female,4f4bfa59-3589-4bad-876e-8a2d83e4d584
99,Addie,Stranger,astranger2q@reddit.com,Female,3bd6ab99-ac81-4ffc-8e37-b181d485e700
100,Rockwell,Benka,rbenka2r@phpbb.com,Genderqueer,cd7f92c4-8700-4cc1-85fd-d9a0082527de
101,Cherry,Heamus,cheamus2s@xinhuanet.com,Female,a886d284-bb1e-4bd7-8256-70cc098aedee
102,Aubert,Pestell,apestell2t@nhs.uk,Male,20b86176-44e6-4f29-9b28-b16bd4e31440
103,Major,Hovey,mhovey2u@infoseek.co.jp,Male,f7006918-d27e-45fa-ac92-6e8afde2f470
104,Lucinda,Lowsely,llowsely2v@creativecommons.org,Female,5d71a0a3-4bf7-4b8a-982b-23a2676b1756
105,Orson,Muddimer,omuddimer2w@bbb.org,Male,47185f3f-8736-4fa3-8faa-c9e31c2291ff
106,Maje,Perford,mperford2x@phpbb.com,Genderfluid,155672a7-72d2-441c-8b59-4992b875aabd
107,Ilario,Dines,idines2y@a8.net,Male,baaac388-3453-4b94-b676-cd6fa1251c7b
108,Christine,Scawn,cscawn2z@statcounter.com,Female,7aaf28c0-64be-4361-b5bb-a02b3e5724ce
109,Lemmie,Hebbs,lhebbs30@cdc.gov,Male,1be1dbf5-2824-494b-af41-6fa5da9abcb6
110,Bartholomeo,Tromans,btromans31@census.gov,Male,4f1c2fb9-f4f8-4d3a-b88b-95f80e92b784
111,Piotr,Reihill,preihill32@blogspot.com,Male,e759222f-cb73-48f2-95d2-1cecffe18adc
112,Shep,Yarham,syarham33@skyrock.com,Genderfluid,01d1c7d8-c76b-42ce-8787-9a2d98f79b86
113,Nealy,Drinan,ndrinan34@xrea.com,Male,9bb5d1d0-0a3b-4bf2-8b03-8464ea6a84ae
114,Adorne,Houltham,ahoultham35@tmall.com,Female,010b058c-9688-4256-99aa-ac7b0d27b3b3
115,Kassey,Stoll,kstoll36@webnode.com,Female,7ac6f5b6-58c6-4a37-8ca0-fc0ea7e870f3
116,Minta,Bantick,mbantick37@exblog.jp,Female,27b18791-6b63-4bbe-843d-d0cc0af7f1d8
117,Worthington,Robrose,wrobrose38@loc.gov,Male,8a22a437-58fe-453c-b840-9924776f674d
118,Leone,McLenaghan,lmclenaghan39@blogger.com,Female,750e3ff2-4e78-4cde-9606-708cf300ae05
119,Marika,Harrhy,mharrhy3a@ft.com,Female,57f07b61-ff5d-4b4d-a55f-7134b1b59750
120,Molly,Jzak,mjzak3b@cnet.com,Female,1054806e-a836-4459-869b-9e75aa87acef
121,Rockey,Polotti,rpolotti3c@state.tx.us,Male,03459e97-2b70-459e-94c8-4960cf3f38d3
122,Nicolas,McKim,nmckim3d@bloomberg.com,Male,0fb8ef78-04b0-441b-ad45-7de0edf2ee8d
123,Gae,Maplestone,gmaplestone3e@slate.com,Bigender,3d2e99eb-7c63-43fd-a9ef-b053d07942a3
124,Hans,Symper,hsymper3f@wikia.com,Male,4902896e-3dc5-4121-8f32-f690fe361ca0
125,Cam,Ferrant,cferrant3g@state.tx.us,Female,169d9487-73d8-4a78-beef-2cadf73d39a5
126,Gerrie,Itzkovwitch,gitzkovwitch3h@sfgate.com,Male,e2da636b-e3bb-41f0-8bde-01fde60b1cfa
127,Wilone,Wiper,wwiper3i@t.co,Female,d3acc648-d1c6-4dcf-af54-0c0e757c1315
128,Maryl,Betz,mbetz3j@va.gov,Genderqueer,ff7fea41-9a61-4a24-9993-f5ece4fc33bc
129,Nickie,O'Concannon,noconcannon3k@ocn.ne.jp,Male,4928348c-2a80-42dd-9173-ee7f3c332c63
130,Lynnea,Heifer,lheifer3l@hao123.com,Genderfluid,00996c57-c302-4359-a197-cd747a9cad5f
131,Phillipp,Heinl,pheinl3m@gravatar.com,Male,ab5fced4-9111-4c4a-9b4f-b94508d034ef
132,Broddie,Lloyds,blloyds3n@xing.com,Male,f0578516-fac7-4f64-8c47-70c2aa75413b
133,Ingra,Vanyarkin,ivanyarkin3o@ning.com,Agender,c8be3a30-e6d0-4f67-9a06-ccccacdf8963
134,Gaultiero,McGreary,gmcgreary3p@china.com.cn,Male,96bf3685-33a2-4855-97fe-3ddf900722e6
135,Ted,Shanks,tshanks3q@booking.com,Male,b287fa58-55fe-4a2f-a560-d854cff648cb
136,Worth,Kenworthy,wkenworthy3r@japanpost.jp,Male,e2c2f4d2-be5e-41f7-ac70-5357794af53d
137,Lavinia,Bengtson,lbengtson3s@github.com,Female,c12e487c-aef9-4ec0-8b99-ff3eefb8a325
138,Hermon,Mewett,hmewett3t@rambler.ru,Male,ebca63e5-a043-494a-beb8-ae8bb10ca933
139,Doris,Clemmens,dclemmens3u@usda.gov,Female,2eee3e16-2812-4c6b-a591-688a853dea9a
140,Katlin,MacComiskey,kmaccomiskey3v@wix.com,Female,499a565c-0765-40be-a4df-be788602d921
141,Ninon,Rickasse,nrickasse3w@sciencedirect.com,Female,67886e6a-b8ef-4a0d-bd2a-dca15904c070
142,Gun,Ballchin,gballchin3x@barnesandnoble.com,Male,64203d73-46f8-47e3-9f8a-89b82a375538
143,Alfi,Snewin,asnewin3y@linkedin.com,Female,3858608e-ccc7-4799-9564-26b888f16f50
144,Warren,Pantry,wpantry3z@plala.or.jp,Male,20a0e640-5bec-4fee-a4b0-ed0d366d5eac
145,Wallis,Lacasa,wlacasa40@sitemeter.com,Male,60d1f957-e4af-439c-8b4a-a9711a4b715b
146,Joanna,Bickersteth,jbickersteth41@spotify.com,Female,5f440855-0aa6-46c3-9b97-a5f0db130f57
147,Betta,Winkett,bwinkett42@fotki.com,Female,aab3f988-b94c-4627-80aa-e1815f2c42f7
148,Frasier,Heading,fheading43@issuu.com,Male,86c90c67-fefc-4551-85ef-8b2c0425ac34
149,Gratia,Pullar,gpullar44@usatoday.com,Female,a39b5cd8-26ab-49f7-b7e0-2f5f84881361
150,Benjamen,Derycot,bderycot45@wikipedia.org,Male,3acba63a-4d4c-4c99-a2c2-e4fd99c096d3
151,Levey,Healks,lhealks46@creativecommons.org,Non-binary,f64f9137-42d8-4417-893d-50fb19386b9e
152,Lianna,Erbain,lerbain47@hatena.ne.jp,Female,a2e531c3-8858-4b41-9273-367d61f45460
153,Howie,Cousins,hcousins48@ocn.ne.jp,Male,fa948762-1283-49b9-8305-4db79589968e
154,Lyndy,Adami,ladami49@taobao.com,Female,02029f7e-60cc-40be-bbb2-d13e34857153
155,Rhodie,Norquay,rnorquay4a@lycos.com,Female,23aad176-0151-43c9-a7fc-86c54bb201d4
156,Felicity,Almeida,falmeida4b@amazon.de,Female,fd52d03e-e3d2-4664-a135-131b6e8b4c3f
157,Dunn,Dominik,ddominik4c@home.pl,Bigender,71ebfd68-4ad4-4a5e-839d-7c25336089d9
158,Vin,Bretherton,vbretherton4d@unicef.org,Male,d0fa01f0-9e1f-49d3-8329-3d75575145a8
159,Emmalee,Geratasch,egeratasch4e@a8.net,Bigender,ac0c1099-a56c-4a5a-8709-f341642298af
160,Daphna,Whatling,dwhatling4f@huffingtonpost.com,Female,21eb314a-efed-4c32-b839-cb0d40ed70b1
161,Deane,Bathersby,dbathersby4g@about.com,Female,3d50892e-1f12-48e4-82ed-c05bae7b83d9
162,Kali,Fisbey,kfisbey4h@cornell.edu,Female,02fccd1a-550c-4145-bdf8-7c0b63a889b1
163,Biddy,Sommerland,bsommerland4i@flavors.me,Agender,16cc26f9-0e08-4d8a-be8c-c6d7ff50e04f
164,Tracey,Ismirnioglou,tismirnioglou4j@nsw.gov.au,Female,110199b7-c319-4bd9-aacd-d1f85e599256
165,Kimberley,Reggio,kreggio4k@ovh.net,Female,5a606afe-4dd5-4a14-a371-e27151f24afc
166,Ekaterina,Penchen,epenchen4l@4shared.com,Female,e30d415b-dab2-4c03-b8f6-ac4df385134b
167,Elaina,Kienle,ekienle4m@cnet.com,Female,04e48c3d-48b2-49b4-a79a-9816d3f68e9b
168,Agace,Byres,abyres4n@lycos.com,Female,b50a3c37-3bb1-426d-a406-9fa1d9c2f2c5
169,Lenna,Kline,lkline4o@dagondesign.com,Female,62d907be-2acb-40da-80cf-092db8d1d459
170,Amery,Willey,awilley4p@illinois.edu,Male,52d275f4-184b-4b24-bc73-b57b0af2809a
171,Bree,Daley,bdaley4q@4shared.com,Female,f90515b3-2d5f-4998-b420-af605319e089
172,Steffi,Dossett,sdossett4r@naver.com,Female,55e1c1c9-8ff3-4fcf-8fbe-a633793d2c78
173,Rafaello,Caudell,rcaudell4s@china.com.cn,Male,af61de59-d75e-42ac-88dd-b231ef1918b5
174,Tallie,Gergolet,tgergolet4t@google.ca,Male,9da47c16-0a60-4580-a769-3e787fc8f29b
175,Benedick,Elvin,belvin4u@icio.us,Male,f9904d7c-5f6b-4298-b068-66f1882c5574
176,Adelle,Moriarty,amoriarty4v@unblog.fr,Female,b3224d07-b6eb-4664-af8a-c92234bc64f4
177,Wolfy,Troughton,wtroughton4w@netscape.com,Male,03ff9630-0957-453c-ac8b-0d8cf9f5057a
178,Lucho,Eckford,leckford4x@hugedomains.com,Male,cab1adb2-c16b-4828-8df2-1e0adeb4cc75
179,Twila,Stealfox,tstealfox4y@posterous.com,Female,f19d9acf-a95c-4ea7-9c6e-a44c3db719b2
180,Lombard,Sivills,lsivills4z@ihg.com,Non-binary,536b537f-f6c5-494b-8031-62141e6cd121
181,Merissa,Scotson,mscotson50@moonfruit.com,Female,4f24b982-fd35-4f91-bedc-4eae8554b2da
182,Merralee,Lownie,mlownie51@ebay.co.uk,Female,6b727061-cdb3-4cba-969a-7f42d26b0182
183,Dyan,Everill,deverill52@java.com,Female,7f868caa-a459-414c-8ec2-669d03693ff4
184,Ward,Filler,wfiller53@alibaba.com,Male,61a435ce-398b-471a-8f08-1ef19c3251a9
185,Lindy,Jefferys,ljefferys54@360.cn,Male,33319cc9-5d93-4019-8b09-aaa14e97c393
186,Merrel,Wegner,mwegner55@bbc.co.uk,Male,0781d8f2-0efc-4983-957c-deefe6b22379
187,Lefty,Clyant,lclyant56@sourceforge.net,Male,d83e6d43-0214-4490-92ba-2146770ead57
188,Niko,Foskin,nfoskin57@cnn.com,Male,431a8e59-f6d9-4792-8135-d484a156b9ab
189,Ephrem,Sarsfield,esarsfield58@umich.edu,Male,1bab1bd8-2949-4d75-819d-6dbc6e3b186b
190,Valle,Kirwan,vkirwan59@mac.com,Male,88e37c42-5e55-4ef8-8a27-fc76c8c995af
191,Fedora,Kirwin,fkirwin5a@diigo.com,Female,2916c7f3-9c89-4f82-befa-fd29bb360f3b
192,Faith,McMeyler,fmcmeyler5b@com.com,Female,ee105912-99d9-42a5-9841-d7cbfd35c7f9
193,Joyous,Beals,jbeals5c@ustream.tv,Female,d70429ea-8c9f-44b6-a3af-9a0516cd4c82
194,Anastasie,Krahl,akrahl5d@dmoz.org,Female,08e92e5f-a662-4d44-938b-da7016855512
195,Lottie,Mountjoy,lmountjoy5e@linkedin.com,Female,4aa506f6-625b-47c5-9343-1bc01c128e7c
196,Rancell,Laker,rlaker5f@rediff.com,Male,328b067f-fb07-40a5-a24e-68d8c3c702f4
197,Bartolemo,Hofner,bhofner5g@sina.com.cn,Male,c52b7b9a-dae5-47f3-a176-ae8dd9c68e8e
198,Sibley,Mulvey,smulvey5h@pen.io,Female,8edf026d-e9f0-4c44-967d-d4895dc9e6bb
199,Kerry,McCaffery,kmccaffery5i@google.ru,Female,808d6c29-14a6-4924-a954-804f9f5aed5d
200,Bibi,Tolchar,btolchar5j@phpbb.com,Female,55b1ca99-9eb0-4198-9b26-88cb884138a1
